{"cameraMode":{"drawMode":0,"name":"Shaded","section":"Shading Mode"},"sceneLighting":true,"audioPlay":false,"sceneViewState":{"showFog":true,"showMaterialUpdate":true,"showSkybox":true,"showFlares":true,"showImageEffects":true,"showParticleSystems":true},"in2DMode":false,"pivot":{"x":-7.820586204528809,"y":-5.759265899658203,"z":-77.92717742919922},"rotation":{"x":-0.27995914220809939,"y":-0.3417491316795349,"z":0.1073361188173294,"w":-0.8907358646392822},"size":8.372584342956543,"orthographic":false}